kl,score_x
0.439699140422827,0.5164028599461412
0.297683953031017,0.5194686720869871
0.281258857587469,0.5196339421512265
0.248742718792989,0.5179880674154315
0.223369190873326,0.5169829234616622
0.198515660078584,0.5177268697368568
0.192761108549888,0.5178694768260554
0.18787470710141,0.5183730794767399
0.181064494915024,0.5188057437039792
0.161770734780053,0.5174141945577821
0.153695812594432,0.5173931297386746
0.123900278228364,0.5149734738751954
0.110704648084451,0.513265863803364
0.0869390650634811,0.5103700083786079
0.085622090511865,0.5099248296332216
