"candidate","delta","n_k","AvgDUC","NegRelImp","AvgNegKL","AvgNegScoreX"
1,1.5,500,0.352402931651063,-0.327772997525533,-0.439699140422827,-0.516402859946141
2,2,900,0.364622678272231,-0.332828331807403,-0.297683953031017,-0.519468672086987
3,2.1,1000,0.363986347191106,-0.329810727118031,-0.281258857587469,-0.519633942151226
4,2.15,1200,0.394776350006016,-0.360373098731572,-0.248742718792989,-0.517988067415431
5,2.2,1400,0.41279002705267,-0.386758132042206,-0.223369190873326,-0.516982923461662
6,2.5,1800,0.416592247602962,-0.387970474190391,-0.198515660078584,-0.517726869736857
7,2.6,1950,0.411913416280919,-0.383148131762813,-0.192761108549888,-0.517869476826055
8,2.8,2200,0.413679126293666,-0.378073099866398,-0.18787470710141,-0.51837307947674
9,3,2500,0.402853272646388,-0.372891696955058,-0.181064494915024,-0.518805743703979
10,3.2,3200,0.430988725974992,-0.4060924948149,-0.161770734780053,-0.517414194557782
11,3.5,4000,0.441601863079824,-0.419623661482367,-0.153695812594432,-0.517393129738675
12,4,7000,0.509130711171944,-0.498514854737499,-0.123900278228364,-0.514973473875195
13,4.1,9000,0.55199787630694,-0.505309890074577,-0.110704648084451,-0.513265863803364
14,4.4,18000,0.674273267939632,-0.679525139188933,-0.0869390650634811,-0.510370008378608
15,4.42,21000,0.711297466140219,-0.664564312011518,-0.085622090511865,-0.509924829633222
