label,n_source,weighted_mse,avg_rank,duc,neg_kl,neg_score_x
FL,5000,0.5710286710337481,4.335,0.5482875461827069,-1.1117005936209532,-0.5493060433545404
GA,300,0.5976999600150794,8.022,0.43403435125805695,-0.4790453422937079,-0.5488330743581475
IL,5000,0.5538664712472003,2.304,0.6252698600373372,-1.1866761000186405,-0.5422436875513491
MI,4000,0.5825248107117438,5.997,0.5372379295867221,-1.4822945797945957,-0.5647039368071006
NJ,300,0.5729891031206956,5.191,0.6713157821687323,-0.4774847107503616,-0.5258342483173647
NY,300,0.5730792565145646,5.175,0.6602615921733066,-0.3717705705955752,-0.5217898654408953
NC,300,0.5953137854880641,7.773,0.4898222051828502,-0.5289819417641507,-0.5453902358031292
OH,3000,0.5852663238179725,6.358,0.514084073828267,-1.568426750684775,-0.569473286122906
PA,3000,0.5877070581168768,6.788,0.510604223950058,-1.518629122213686,-0.5714428646990777
TX,5000,0.5573714288276497,3.057,0.6463919208630093,-1.0604090664913344,-0.5324897459886273
